<?xml version="1.0" encoding="UTF-8" standalone="yes"?>
<addon id="plugin.video.MEUADDON.Matrix"
       name="[COLOR white][B]MEUADDON MATRIX[/B][/COLOR]"
       version="1.0.0"
       provider-name="MEUADDON MATRIX">
  <requires>
    <import addon="xbmc.python" version="3.0.0"/>
    <import addon="script.module.requests"/>
    <import addon="script.module.simplejson"/>
    <import addon="script.module.kodi-six" />
  </requires>
  <extension point="xbmc.python.pluginsource" library="default.py">
    <provides>video</provides>
  </extension>
  <extension point="xbmc.addon.metadata">
    <summary>MEUADDON MATRIX</summary>
    <description>
    Addon exemplo para ajudar iniciantes criarem seu próprio addon para kodi.             
    </description>
    <assets>
    <icon>icon.png</icon>
    <fanart>fanart.jpg</fanart>
    </assets>
    <platform>all</platform>
  </extension>
</addon>