﻿<?xml version="1.0" encoding="UTF-8" standalone="yes"?>
<addon id="repository.mundotorrent" name="MundoTorrent Repository" version="1.0.0" provider-name="by MundoTorrent">
  <requires>
  <import addon="xbmc.python" version="3.0.0"/>
  </requires>
  <extension point="xbmc.addon.repository" name="MundoTorrent Repository">
    <info compressed="false">https://raw.githubusercontent.com/wcease/matrixrepo/master/addons.xml</info>
    <checksum>https://raw.githubusercontent.com/wcease/matrixrepo/master/addons.xml.md5</checksum>
    <datadir zip="true">https://raw.githubusercontent.com/wcease/matrixrepo/master/repo</datadir>
  </extension>
  <extension point="xbmc.addon.metadata">
    <summary>MundoTorrent ADDON</summary>
    <description>ADDONS sem fins lucrativos.</description>
    <disclaimer></disclaimer>
    <platform>all</platform>
  <assets>
    <icon>icon.png</icon>
    <fanart>fanart.jpg</fanart>
  </assets>
  </extension>
</addon>